Week,Total_Flights,Avg_Delay,Delayed_Flights,Cancelled_Flights,Avg_Distance,Delay_Rate
1,25650,44.95150097465887,16899,0,724.2939181286549,65.88
2,15774,35.39387599847851,9125,0,694.7592240395587,57.85
3,19883,40.27475733038274,12264,0,683.1269426142936,61.68
4,29944,47.38291477424526,19791,0,652.6403620090837,66.09
